ホットケーキミックスで簡単 バナナくる...,https://www.kurashiru.com/recipes/98f93478-ca06-4316-bdd0-0b6eee8364fa,https://video.kurashiru.com/production/videos/98f93478-ca06-4316-bdd0-0b6eee8364fa/compressed_thumbnail_square_large.jpg?1667955395,ホットケーキミックス、バナナ、くるみ、はちみつ、卵、牛乳、溶かしバター
もっちりおいしい バナナ蒸しパン,https://www.kurashiru.com/recipes/e9417053-ff97-43e0-8926-69e54da22729,https://video.kurashiru.com/production/videos/e9417053-ff97-43e0-8926-69e54da22729/compressed_thumbnail_square_large.jpg?1667955395,薄力粉、ベーキングパウダー、溶き卵、上白糖、無調整豆乳、サラダ油...
しっとり濃厚 バナナブラウニー,https://www.kurashiru.com/recipes/d603b90a-d833-4c6c-a11e-4fc248a2e221,https://video.kurashiru.com/production/videos/d603b90a-d833-4c6c-a11e-4fc248a2e221/compressed_thumbnail_square_large.jpg?1667955395,薄力粉、ココアパウダー、ベーキングパウダー、ミルクチョコレート、...
冷凍パイシートで とろとろバナナパイ,https://www.kurashiru.com/recipes/3e94a5d6-4dc1-4b1f-9a23-ebcc2d13f329,https://video.kurashiru.com/production/videos/3e94a5d6-4dc1-4b1f-9a23-ebcc2d13f329/compressed_thumbnail_square_large.jpg?1667955395,バナナ、砂糖、シナモンパウダー、冷凍パイシート、溶き卵
バナナヨーグルトパウンドケーキ,https://www.kurashiru.com/recipes/593e668a-3e6e-4da8-8d89-b3eac7e3fa34,https://video.kurashiru.com/production/videos/593e668a-3e6e-4da8-8d89-b3eac7e3fa34/compressed_thumbnail_square_large.jpg?1667955395,ホットケーキミックス、バナナ、プレーンヨーグルト、砂糖、レモン汁...
お家で簡単バナナクレープ,https://www.kurashiru.com/recipes/94b3697e-0ec9-446b-b6c7-6eac8e26839b,https://video.kurashiru.com/production/videos/94b3697e-0ec9-446b-b6c7-6eac8e26839b/compressed_thumbnail_square_large.jpg?1667955395,卵、牛乳、薄力粉、砂糖、バナナ、サラダ油、ホイップクリーム、いち...
おつまみにぴったり ごぼうの甘辛揚げ,https://www.kurashiru.com/recipes/e5a575ee-7e20-4b23-880d-7573f535f2c4,https://video.kurashiru.com/production/videos/e5a575ee-7e20-4b23-880d-7573f535f2c4/compressed_thumbnail_square_large.jpg?1667955327,ごぼう、薄力粉、片栗粉、水、揚げ油、しょうゆ、みりん、料理酒、砂...
簡単おつまみ 餃子の皮でミニチョリソードッグ,https://www.kurashiru.com/recipes/55c74363-79f9-4de7-826d-47bc7b37e91a,https://video.kurashiru.com/production/videos/55c74363-79f9-4de7-826d-47bc7b37e91a/compressed_thumbnail_square_large.jpg?1667955327,餃子の皮、チョリソーソーセージ、じゃがいも、ピザ用チーズ、ケチャ...
おつまみに ガーリックバターしいたけ,https://www.kurashiru.com/recipes/809c03c2-26d1-4039-9b32-ef2e4f9cc411,https://video.kurashiru.com/production/videos/809c03c2-26d1-4039-9b32-ef2e4f9cc411/compressed_thumbnail_square_large.jpg?1667955327,しいたけ、有塩バター、すりおろしニンニク、しょうゆ、粉チーズ、大葉
小松菜とカニカマの卵炒め,https://www.kurashiru.com/recipes/49733447-2e79-4bc7-9a6b-a9ff11da4e38,https://video.kurashiru.com/production/videos/49733447-2e79-4bc7-9a6b-a9ff11da4e38/compressed_thumbnail_square_large.jpg?1667954779,小松菜、カニカマ、溶き卵、めんつゆ、塩こしょう、ごま油
簡単 カニカマたまご,https://www.kurashiru.com/recipes/b507801d-2f12-47a5-bdfd-9259ad90ab59,https://video.kurashiru.com/production/videos/b507801d-2f12-47a5-bdfd-9259ad90ab59/compressed_thumbnail_square_large.jpg?1667954779,卵、カニカマ、しょうゆ、砂糖、サラダ油、小ねぎ
手軽に カニカマチーズの春巻き,https://www.kurashiru.com/recipes/548e7691-a549-4726-86ae-1c718ed5971e,https://video.kurashiru.com/production/videos/548e7691-a549-4726-86ae-1c718ed5971e/compressed_thumbnail_square_large.jpg?1667954779,春巻きの皮、カニカマ、ピザ用チーズ、水溶き薄力粉、揚げ油、パセリ
シンプルに カニかまシュウマイ,https://www.kurashiru.com/recipes/7fd937f7-3bed-4166-9570-37dc44dd6da0,https://video.kurashiru.com/production/videos/7fd937f7-3bed-4166-9570-37dc44dd6da0/compressed_thumbnail_square_large.jpg?1667954779,シュウマイの皮、鶏ひき肉、玉ねぎ、カニカマ、片栗粉、めんつゆ、す...
青梗菜のカニカマあんかけ,https://www.kurashiru.com/recipes/754e4076-69e2-4da5-b2b0-324d597012fa,https://video.kurashiru.com/production/videos/754e4076-69e2-4da5-b2b0-324d597012fa/compressed_thumbnail_square_large.jpg?1667954779,チンゲン菜、カニカマ、溶き卵、水、鶏ガラスープの素、しょうゆ、砂...
レンジでお手軽 釜玉風カルボナーラうどん,https://www.kurashiru.com/recipes/f9c326e6-3217-45f2-91f5-0e91e3e1dc1b,https://video.kurashiru.com/production/videos/f9c326e6-3217-45f2-91f5-0e91e3e1dc1b/compressed_thumbnail_square_large.jpg?1667954720,うどん、薄切りハーフベーコン、牛乳、卵黄、粉チーズ、塩こしょう、...
レンジで簡単 バターチキンキーマカレー,https://www.kurashiru.com/recipes/ca3aeb26-8cbd-484c-ba41-c6cb14cf111a,https://video.kurashiru.com/production/videos/ca3aeb26-8cbd-484c-ba41-c6cb14cf111a/compressed_thumbnail_square_large.jpg?1667954719,ミニトマト、玉ねぎ、水、カレールー、有塩バター、ケチャップ、すり...
アボカドの豚キムチチーズ丼,https://www.kurashiru.com/recipes/37adb77b-786e-405f-91d9-64577268f7e3,https://video.kurashiru.com/production/videos/37adb77b-786e-405f-91d9-64577268f7e3/compressed_thumbnail_square_large.jpg?1667954720,ごはん、豚バラ肉、アボカド、ニラ、キムチ、オイスターソース、しょ...
サバ缶とキャベツのマヨネーズ和え,https://www.kurashiru.com/recipes/71460058-866b-4029-929a-2214eea9bbd3,https://video.kurashiru.com/production/videos/71460058-866b-4029-929a-2214eea9bbd3/compressed_thumbnail_square_large.jpg?1667537926,キャベツ、サバの水煮缶、マヨネーズ、しょうゆ、塩こしょう
サバ缶とキャベツの卵炒め,https://www.kurashiru.com/recipes/006116fd-ce7a-45c2-9190-6de84f7fe843,https://video.kurashiru.com/production/videos/006116fd-ce7a-45c2-9190-6de84f7fe843/compressed_thumbnail_square_large.jpg?1667537926,キャベツ、サバの水煮缶、卵、しょうゆ、塩こしょう、サラダ油
さば缶とナスのトマトチーズドリア,https://www.kurashiru.com/recipes/549cdd4c-beca-41a1-9c93-a62f68b13a59,https://video.kurashiru.com/production/videos/549cdd4c-beca-41a1-9c93-a62f68b13a59/compressed_thumbnail_square_large.jpg?1667537926,ごはん、サバの水煮缶、ナス、玉ねぎ、カットトマト缶、コンソメ顆粒...
サバ缶で作るトマトビーンズ煮,https://www.kurashiru.com/recipes/3ff52a73-50cd-4b61-9600-4a87bc3d71c6,https://video.kurashiru.com/production/videos/3ff52a73-50cd-4b61-9600-4a87bc3d71c6/compressed_thumbnail_square_large.jpg?1667537926,サバの水煮缶、ホールトマト缶、大豆の水煮、ケチャップ、コンソメ顆...
玉ねぎとサバ缶のさっぱり和え,https://www.kurashiru.com/recipes/cef69add-7821-443c-97fb-cecc7de15e61,https://video.kurashiru.com/production/videos/cef69add-7821-443c-97fb-cecc7de15e61/compressed_thumbnail_square_large.jpg?1667537926,玉ねぎ、サバの水煮缶、酢、しょうゆ、はちみつ、ごま油、小ねぎ
サバ缶で簡単 ハンバーグ,https://www.kurashiru.com/recipes/b464ed65-acd1-441f-b3ed-da8d02a277c0,https://video.kurashiru.com/production/videos/b464ed65-acd1-441f-b3ed-da8d02a277c0/compressed_thumbnail_square_large.jpg?1667537926,サバの水煮缶、大葉、すりおろし生姜、木綿豆腐、玉ねぎ、にんじん、...
くるくる魚肉ソーセージ卵焼き,https://www.kurashiru.com/recipes/2de6e9f2-f956-4092-b82c-4025b940ddf3,https://video.kurashiru.com/production/videos/2de6e9f2-f956-4092-b82c-4025b940ddf3/compressed_thumbnail_square_large.jpg?1667537876,魚肉ソーセージ、卵、マヨネーズ、サラダ油
ハムチーズの卵焼き,https://www.kurashiru.com/recipes/e518b9d7-79b0-48e8-8070-5d3d052290e1,https://video.kurashiru.com/production/videos/e518b9d7-79b0-48e8-8070-5d3d052290e1/compressed_thumbnail_square_large.jpg?1667537876,卵、ハム、スライスチーズ、塩こしょう、サラダ油
長ねぎの中華風卵焼き,https://www.kurashiru.com/recipes/fe0a3e71-2368-4328-b818-246cd4c886d1,https://video.kurashiru.com/production/videos/fe0a3e71-2368-4328-b818-246cd4c886d1/compressed_thumbnail_square_large.jpg?1667537876,卵、長ねぎの青い部分、水、鶏ガラスープの素、砂糖、塩こしょう、サ...
にんじんとピーマンのじゃこきんぴら風炒め,https://www.kurashiru.com/recipes/1d268b8e-4e9e-458b-ac60-38ba93bef871,https://video.kurashiru.com/production/videos/1d268b8e-4e9e-458b-ac60-38ba93bef871/compressed_thumbnail_square_large.jpg?1667537616,にんじん、めんつゆ、ピーマン、ちりめんじゃこ、ごま油、塩、顆粒和...
揉むだけジューシー おつまみ塩チキン,https://www.kurashiru.com/recipes/59ddbe5e-b011-4b35-a439-2c869dcb4bd1,https://video.kurashiru.com/production/videos/59ddbe5e-b011-4b35-a439-2c869dcb4bd1/compressed_thumbnail_square_large.jpg?1667537616,片栗粉、料理酒、ごま油、鶏ガラスープの素、砂糖、レモン汁、塩、黒...
豚バラ肉と小松菜の香味だれ炒め,https://www.kurashiru.com/recipes/1c4862d8-16cc-46ea-810b-b59fe1d66d80,https://video.kurashiru.com/production/videos/1c4862d8-16cc-46ea-810b-b59fe1d66d80/compressed_thumbnail_square_large.jpg?1667537616,豚バラ肉、すりおろしニンニク、鷹の爪輪切り、しょうゆ、料理酒、砂...
常備菜に 韓国風肉そぼろ,https://www.kurashiru.com/recipes/dd16422c-6d73-42fd-b894-4d075b793245,https://video.kurashiru.com/production/videos/dd16422c-6d73-42fd-b894-4d075b793245/compressed_thumbnail_square_large.jpg?1667537616,牛ひき肉、ニンニク、生姜、しょうゆ、酢、みりん、塩こしょう、コチ...
昔ながらの常備菜 雷こんにゃく,https://www.kurashiru.com/recipes/94e7c0b8-8945-4842-ae6e-dedd8c27585b,https://video.kurashiru.com/production/videos/94e7c0b8-8945-4842-ae6e-dedd8c27585b/compressed_thumbnail_square_large.jpg?1667537616,こんにゃく、鷹の爪輪切り、料理酒、砂糖、しょうゆ、かつお節、ごま油
常備菜でアレンジ豊富 鶏もも肉と彩り野...,https://www.kurashiru.com/recipes/165f707c-99f3-4a33-84b1-ad1a8f624892,https://video.kurashiru.com/production/videos/165f707c-99f3-4a33-84b1-ad1a8f624892/compressed_thumbnail_square_large.jpg?1667537616,鶏もも肉、塩こしょう、しょうゆ、料理酒、みりん、砂糖、サラダ油、...
焼き肉のタレで 豚肉と卵の炒めもの,https://www.kurashiru.com/recipes/2ba511a9-32f7-43b7-86ba-a321f5c6768a,https://video.kurashiru.com/production/videos/2ba511a9-32f7-43b7-86ba-a321f5c6768a/compressed_thumbnail_square_large.jpg?1667537571,豚こま切れ肉、卵、豆苗、焼肉のタレ、サラダ油
焼肉のタレで 厚揚げと長ねぎ炒め,https://www.kurashiru.com/recipes/3cc54491-166f-436c-a455-ce262dce3891,https://video.kurashiru.com/production/videos/3cc54491-166f-436c-a455-ce262dce3891/compressed_thumbnail_square_large.jpg?1667537571,厚揚げ、豚ひき肉、長ねぎ、焼肉のタレ、サラダ油
焼肉のタレで簡単 豚バラ肉と厚揚げの炒め物,https://www.kurashiru.com/recipes/e52f3dcd-aabf-4a0d-a327-f041cdda8a2b,https://video.kurashiru.com/production/videos/e52f3dcd-aabf-4a0d-a327-f041cdda8a2b/compressed_thumbnail_square_large.jpg?1667537571,豚バラ肉、厚揚げ、ニンニクの芽、焼肉のタレ、ごま油
トマトクリームミートソースの焼きパスタ,https://www.kurashiru.com/recipes/c98deb02-a61f-4b15-a9d5-c1e2ae8ecacb,https://video.kurashiru.com/production/videos/c98deb02-a61f-4b15-a9d5-c1e2ae8ecacb/compressed_thumbnail_square_large.jpg?1667537221,玉ねぎ、スパゲティ、お湯、塩、カットトマト缶、ピザ用チーズ、パセ...
レンジで簡単 とろーりビビン丼,https://www.kurashiru.com/recipes/709fecb1-dd52-48c9-8902-59165a3acf5b,https://video.kurashiru.com/production/videos/709fecb1-dd52-48c9-8902-59165a3acf5b/compressed_thumbnail_square_large.jpg?1667537221,ごはん、牛バラ肉、焼肉のタレ、白いりごま、にんじん、小松菜、もや...
とろーりチーズとポークカレーのオムライス,https://www.kurashiru.com/recipes/8be69e9c-9aeb-43ae-a653-bef2d5f33047,https://video.kurashiru.com/production/videos/8be69e9c-9aeb-43ae-a653-bef2d5f33047/compressed_thumbnail_square_large.jpg?1667537221,ごはん、玉ねぎ、水、カレールー、サラダ油、牛乳、溶き卵、パセリ、...
がっつり 大きなつくね丼,https://www.kurashiru.com/recipes/97bfefad-089a-4216-8b38-a3e591e15b14,https://video.kurashiru.com/production/videos/97bfefad-089a-4216-8b38-a3e591e15b14/compressed_thumbnail_square_large.jpg?1667537221,鶏ひき肉、玉ねぎ、片栗粉、塩こしょう、しょうゆ、みりん、酒、サラ...
がっつり 肉あんかけチャーハン,https://www.kurashiru.com/recipes/48525e5f-40e2-48aa-8505-030d278983b2,https://video.kurashiru.com/production/videos/48525e5f-40e2-48aa-8505-030d278983b2/compressed_thumbnail_square_large.jpg?1667537221,豚こま切れ肉、玉ねぎ、ごはん、溶き卵、水、オイスターソース、水溶...
手軽にがっつり！豚ロース照り焼き丼,https://www.kurashiru.com/recipes/762267ee-6ebc-44e9-b18b-ba4c17a3b8f9,https://video.kurashiru.com/production/videos/762267ee-6ebc-44e9-b18b-ba4c17a3b8f9/compressed_thumbnail_square_large.jpg?1667537221,豚ロース、薄力粉、酒、みりん、しょうゆ、砂糖、すりおろしニンニク...
とまらない美味しさ にんじんしりしり,https://www.kurashiru.com/recipes/62146a2f-71eb-40d2-90b2-23dd54f4f172,https://video.kurashiru.com/production/videos/62146a2f-71eb-40d2-90b2-23dd54f4f172/compressed_thumbnail_square_large.jpg?1667537157,にんじん、料理酒、しょうゆ、みりん、砂糖、顆粒和風だし、ごま油、...
じゃがいもとにんじんの洋風きんぴら,https://www.kurashiru.com/recipes/25057b1d-63d3-490e-a5d8-9373337a2da5,https://video.kurashiru.com/production/videos/25057b1d-63d3-490e-a5d8-9373337a2da5/compressed_thumbnail_square_large.jpg?1667537157,じゃがいも、にんじん、水、コンソメ顆粒、すりおろしニンニク、鷹の...
にんじんとピーマンの塩昆布炒め,https://www.kurashiru.com/recipes/94aba1f1-a573-45b7-a129-bdbec6f48d0f,https://video.kurashiru.com/production/videos/94aba1f1-a573-45b7-a129-bdbec6f48d0f/compressed_thumbnail_square_large.jpg?1667537157,にんじん、ピーマン、塩昆布、ごま油
コロコロチーズポテト,https://www.kurashiru.com/recipes/b239ac71-4f52-4063-85c8-c50a5de91da3,https://video.kurashiru.com/production/videos/b239ac71-4f52-4063-85c8-c50a5de91da3/compressed_thumbnail_square_large.jpg?1666596051,じゃがいも、粉チーズ、コンソメ顆粒、片栗粉、塩こしょう、揚げ油、...
枝豆とコーンのつくねハンバーグ,https://www.kurashiru.com/recipes/b9e8108d-6a20-445b-b62d-4ff5fb164d09,https://video.kurashiru.com/production/videos/b9e8108d-6a20-445b-b62d-4ff5fb164d09/compressed_thumbnail_square_large.jpg?1666596051,豚ひき肉、片栗粉、塩こしょう、枝豆、コーン、しょうゆ、みりん、砂...
お弁当に カラフルあおむしくん,https://www.kurashiru.com/recipes/019a471d-db80-46ce-ab02-2c41eeeb40f0,https://video.kurashiru.com/production/videos/019a471d-db80-46ce-ab02-2c41eeeb40f0/compressed_thumbnail_square_large.jpg?1666596051,ソーセージ、コーン、グリンピース、スパゲティ、揚げ油、のり、黒いりごま
枝豆としらすのたまご焼き,https://www.kurashiru.com/recipes/86591454-c5d2-4542-a35e-8b06dd5d1638,https://video.kurashiru.com/production/videos/86591454-c5d2-4542-a35e-8b06dd5d1638/compressed_thumbnail_square_large.jpg?1666596051,卵、枝豆、白だし、みりん、料理酒、しらす干し、サラダ油
お弁当に 油揚げのひき肉巻き,https://www.kurashiru.com/recipes/8d9714b4-d48b-4a84-a6ad-f3d2d830ce7b,https://video.kurashiru.com/production/videos/8d9714b4-d48b-4a84-a6ad-f3d2d830ce7b/compressed_thumbnail_square_large.jpg?1667791877,油揚げ、豚ひき肉、片栗粉、長ねぎ、すりおろし生姜、塩こしょう、し...
旨味たっぷり 豚肉シュウマイ,https://www.kurashiru.com/recipes/cf202627-8d6b-4c68-9815-32061988e907,https://video.kurashiru.com/production/videos/cf202627-8d6b-4c68-9815-32061988e907/compressed_thumbnail_square_large.jpg?1666596051,豚ひき肉、シュウマイの皮、玉ねぎ、鶏ガラスープの素、オイスターソ...
キャベツたっぷり 肉団子の甘酢あん,https://www.kurashiru.com/recipes/1d34f502-27bd-4ae1-8b6d-8a3feadee134,https://video.kurashiru.com/production/videos/1d34f502-27bd-4ae1-8b6d-8a3feadee134/compressed_thumbnail_square_large.jpg?1666595976,豚ひき肉、キャベツ、溶き卵、パン粉、塩こしょう、ピーマン、赤パプ...
トマト缶で作る 簡単ロールキャベツ,https://www.kurashiru.com/recipes/a9634866-014e-4156-8a9d-bab96255ced9,https://video.kurashiru.com/production/videos/a9634866-014e-4156-8a9d-bab96255ced9/compressed_thumbnail_square_large.jpg?1666595976,キャベツ、牛豚合びき肉、玉ねぎ、パン粉、塩こしょう、カットトマト...
ごはんにぴったり回鍋肉,https://www.kurashiru.com/recipes/e11e0abf-d98d-4cdd-98c2-69cdd6532d3c,https://video.kurashiru.com/production/videos/e11e0abf-d98d-4cdd-98c2-69cdd6532d3c/compressed_thumbnail_square_large.jpg?1666595977,豚バラ肉、キャベツ、ピーマン、甜麺醤、料理酒、みりん、しょうゆ、...
鶏のトマトオリーブソテー,https://www.kurashiru.com/recipes/aba95273-5c80-47e4-842f-0ed325b09274,https://video.kurashiru.com/production/videos/aba95273-5c80-47e4-842f-0ed325b09274/compressed_thumbnail_square_large.jpg?1666594789,鶏もも肉、塩、黒こしょう、ミニトマト、ニンニク、オリーブオイル、...
わさび醤油がクセになる！鶏もも肉の和風ソテー,https://www.kurashiru.com/recipes/a1da928b-3153-4e5f-a83b-aff4847239c2,https://video.kurashiru.com/production/videos/a1da928b-3153-4e5f-a83b-aff4847239c2/compressed_thumbnail_square_large.jpg?1666594789,すりおろしニンニク、しょうゆ、酒、ごま油、玉ねぎ、わさび、大葉、...
タルタルソースも手作りで！簡単チキン南蛮,https://www.kurashiru.com/recipes/9c1de890-1bf7-42cd-b4c2-04494b7966f8,https://video.kurashiru.com/production/videos/9c1de890-1bf7-42cd-b4c2-04494b7966f8/compressed_thumbnail_square_large.jpg?1666594789,鶏もも肉、玉ねぎ、マヨネーズ、レモン汁、砂糖、酢、溶き卵、薄力粉...
カリッとジューシー！鶏の唐揚げ,https://www.kurashiru.com/recipes/4dbf823e-598f-4fc0-b609-8f6fff8028b6,https://video.kurashiru.com/production/videos/4dbf823e-598f-4fc0-b609-8f6fff8028b6/compressed_thumbnail_square_large.jpg?1666594789,鶏もも肉、ごま油、片栗粉、すりおろし生姜、すりおろしニンニク、し...
照り焼きチキン,https://www.kurashiru.com/recipes/459512b1-1c95-4a59-917d-4363f440d0a7,https://video.kurashiru.com/production/videos/459512b1-1c95-4a59-917d-4363f440d0a7/compressed_thumbnail_square_large.jpg?1666594789,鶏もも肉、片栗粉、みりん、砂糖、サラダ油、しょうゆ、料理酒、ベビ...
ニラ玉春雨,https://www.kurashiru.com/recipes/e128fe0b-6ded-4e45-b82c-e88de5222089,https://video.kurashiru.com/production/videos/e128fe0b-6ded-4e45-b82c-e88de5222089/compressed_thumbnail_square_large.jpg?1666594740,春雨、お湯、ニラ、溶き卵、オイスターソース、料理酒、しょうゆ、砂...
かに玉キャベツの甘酢あん,https://www.kurashiru.com/recipes/95f15e43-a19b-4ea1-9fc2-bdf482557c97,https://video.kurashiru.com/production/videos/95f15e43-a19b-4ea1-9fc2-bdf482557c97/compressed_thumbnail_square_large.jpg?1666594740,卵、カニカマ、塩こしょう、水、しょうゆ、米酢、砂糖、片栗粉、キャ...
豆腐にふんわり卵あんかけ,https://www.kurashiru.com/recipes/8d5c152e-784d-40de-b4d8-b8b12adc20f3,https://video.kurashiru.com/production/videos/8d5c152e-784d-40de-b4d8-b8b12adc20f3/compressed_thumbnail_square_large.jpg?1666594740,絹ごし豆腐、水、卵、顆粒和風だし、酒、みりん、水溶き片栗粉、すり...
豚バラ肉と小松菜の中華風卵炒め,https://www.kurashiru.com/recipes/bb0bd365-3ff8-43a4-820f-1ad5d734f799,https://video.kurashiru.com/production/videos/bb0bd365-3ff8-43a4-820f-1ad5d734f799/compressed_thumbnail_square_large.jpg?1666594740,小松菜、豚バラ肉、酒、卵、しょうゆ、塩こしょう、サラダ油、オイス...